Workbook

Sheet Start Here
B2: AUTONOMOUS AI DATABASE BOOTH 7A DUTY SIGN-UP
B3: Monday–Wednesday, October 26–28, 2026
B5: HOW TO SIGN UP
B6: 1. Open the tab for the day you want: Mon Oct 26 • Tue Oct 27 • Wed Oct 28
B7: 2. Find the 30-minute time slots you are available for.
B8: 3. Type your name in any open Person column (Person 1–4) on EVERY row you can cover.
B9: Example: free from 1:30 PM to 3:00 PM? Put your name on the 1:30, 2:00, and 2:30 rows.
B10: 4. Please try to have at least 2 people at the booth at a time. Up to 4 can sign up . If a row has only one name, consider joining it.
B13: COVERAGE AT A GLANCE
B14: Day | C14: Hub Hours | D14: Slots | E14: Slots Under 2 People | F14: Half-Hour Shifts Claimed
B15: Monday, October 26 | C15: 09:00 AM – 7:00 PM | D15: 15 | E15: =COUNTIF('Mon Oct 26'!$F$4:$F$21,"<2") -> 2 | F15: =SUM('Mon Oct 26'!$F$4:$F$21) -> 42
B16: Tuesday, October 27 | C16: 8:00 AM – 6:00 PM | D16: 21 | E16: =COUNTIF('Tue Oct 27'!$F$4:$F$23,"<2") -> 0 | F16: =SUM('Tue Oct 27'!$F$4:$F$23) -> 45
B17: Wednesday, October 28 | C17: 9:00 AM – 2:00 PM | D17: 10 | E17: =COUNTIF('Wed Oct 28'!$F$4:$F$13,"<2") -> 0 | F17: =SUM('Wed Oct 28'!$F$4:$F$13) -> 25
B18: TOTAL | D18: =SUM(D15:D17) -> 46 | E18: =SUM(E15:E17) -> 2 | F18: =SUM(F15:F17) -> 112
B23: T-shirt ordering Instructions:
B24: 1. Visit the M&D Service Portal (VPN Required)
B25: 2. Select Catalog Order
B26: 3. Select “Oracle AI World Demo Shirts” Catalog from the drop-down menu
B27: 4. Choose your Ship-To Country "United States or Canada"*
B28: 5. Click on the "Bella + Canvas" shirt, follow the instructions and Select your Size
B29: 6. Change the quantity to "2", and then select “Add to Cart”
B30: 7. To checkout select the “View/Update Cart” button
B31: 8. Review information and click “Checkout”
B32: 9. Enter 6-digit cost center for shipping (find your cost center at the bottom of your Aria profile).
B33: 10. Fill in: Your Project or Event Reference: AIW Demo Polo
B34: 11. Select: How will you use these items? Select Demo Shirts (Oracle AI World) from the drop down menu
... B38: 15. You will receive a confirmation email confirming your order has been placed. Tracking information will be sent to you once your order has shipped. Ship date will be closer to mid-September.

Sheet Mon Oct 26
A1: MONDAY, OCTOBER 26 — Hub hours 09:00 AM – 7:00 PM
A2: Type your name in any open Person column, on every 30-minute row you can cover. Aim for 2 people per slot, up to 4. Questions → see the Start Here tab.
A3: Time Slot | B3: Person 1 | C3: Person 2 | D3: Person 3 | E3: Person 4 | F3: Signed Up | G3: Notes
A4: 10:00 AM - 10:30 AM | B4: Marcos Arancibia | C4: Micheal Mesrch | F4: =COUNTA(B4:E4) -> 2
A5: 10:30 AM - 11:00 AM | B5: Marcos Arancibia | C5: Micheal Mesrch | F5: =COUNTA(B5:E5) -> 2
A6: 11:00 AM - 11:30 AM | B6: Marcos Arancibia | C6: Micheal Mesrch | F6: =COUNTA(B6:E6) -> 2
A7: 11:30 AM - 12:00 PM | B7: Marcos Arancibia | C7: Micheal Mesrch | F7: =COUNTA(B7:E7) -> 2
A8: 12:00 PM – 12:30 PM | B8: Can Tuzla | C8: Micheal Mesrch | F8: =COUNTA(B8:E8) -> 2 | G8: Marcos - Hands-on until 1:30 PM
A9: 12:30 PM – 1:00 PM | B9: Can Tuzla | C9: Nilay Panchal | F9: =COUNTA(B9:E9) -> 2
A10: 1:00 PM – 1:30 PM | B10: Can Tuzla | C10: Nilay Panchal | D10: Freddy Hernandez | F10: =COUNTA(B10:E10) -> 3
A11: 1:30 PM – 2:00 PM | B11: Marcos Arancibia | C11: Can Tuzla | D11: Freddy Hernandez | F11: =COUNTA(B11:E11) -> 3
A12: 2:00 PM – 2:30 PM | B12: Marcos Arancibia | C12: Can Tuzla | D12: Freddy Hernandez | F12: =COUNTA(B12:E12) -> 3
A13: 2:30 PM – 3:00 PM | B13: Yasin Baskan | C13: Nilay Panchal | D13: Freddy Hernandez | F13: =COUNTA(B13:E13) -> 3
A14: 3:00 PM – 3:30 PM | B14: Yasin Baskan | C14: Can Tuzla | D14: Freddy Hernandez | F14: =COUNTA(B14:E14) -> 3
A15: 3:30 PM – 4:00 PM | B15: Yasin Baskan | C15: Michelle Malcher | D15: Freddy Hernandez | F15: =COUNTA(B15:E15) -> 3
A16: 4:00 PM – 4:30 PM | B16: Marcos Arancibia | C16: Nilay Panchal | D16: Michelle Malcher | F16: =COUNTA(B16:E16) -> 3
A17: 4:30 PM – 5:00 PM | B17: Marcos Arancibia | C17: Nilay Panchal | D17: Michelle Malcher | F17: =COUNTA(B17:E17) -> 3
A18: 5:00 PM – 5:30 PM* | B18: Marcos Arancibia | C18: Can Tuzla | D18: Michelle Malcher | F18: =COUNTA(B18:E18) -> 3
A19: 5:30 PM – 6:00 PM* | B19: Marcos Arancibia | C19: Can Tuzla | D19: Michelle Malcher | F19: =COUNTA(B19:E19) -> 3
A20: 6:00 PM – 6:30 PM* | F20: =COUNTA(B20:E20) -> 0
A21: 6:30 PM – 7:00 PM* | F21: =COUNTA(B21:E21) -> 0
A22: TOTAL | E22: Half-hour shifts claimed: | F22: =SUM(F4:F21) -> 42 | G22: =COUNTIF(F4:F21,"<2")&" slot(s) still below 2 people" -> 2 slot(s) still below 2 people
A23: *Welcome Reception
A24: Dedicated Hours

Sheet Tue Oct 27
A1: TUESDAY, OCTOBER 27 — Hub hours 8:00 AM – 6:00 PM
A2: Type your name in any open Person column, on every 30-minute row you can cover. Aim for 2 people per slot, up to 4. Questions → see the Start Here tab.
A3: Time Slot | B3: Person 1 | C3: Person 2 | D3: Person 3 | E3: Person 4 | F3: Signed Up | G3: Notes (or extra people)
A4: 8:00 AM – 8:30 AM | B4: Michelle Malcher | C4: Can Tuzla | F4: =COUNTA(B4:E4) -> 2
A5: 8:30 AM – 9:00 AM | B5: Michelle Malcher | C5: Can Tuzla | F5: =COUNTA(B5:E5) -> 2
A6: 9:00 AM – 9:30 AM | B6: Michelle Malcher | C6: Can Tuzla | F6: =COUNTA(B6:E6) -> 2
A7: 9:30 AM – 10:00 AM | B7: Marcos Arancibia | C7: Can Tuzla | F7: =COUNTA(B7:E7) -> 2
A8: 10:00 AM – 10:30 AM | B8: Marcos Arancibia | C8: Nilay Panchal | F8: =COUNTA(B8:E8) -> 2
A9: 10:30 AM – 11:00 AM | B9: Yasin Baskan | C9: Nilay Panchal | F9: =COUNTA(B9:E9) -> 2
A10: 11:00 AM – 11:30 AM | B10: Yasin Baskan | C10: Nilay Panchal | F10: =COUNTA(B10:E10) -> 2
A11: 11:30 AM – 12:00 PM | B11: Yasin Baskan | C11: Nilay Panchal | F11: =COUNTA(B11:E11) -> 2
A12: 12:00 PM – 12:30 PM | B12: Yasin Baskan | C12: Can Tuzla | F12: =COUNTA(B12:E12) -> 2
A13: 12:30 PM – 1:00 PM | B13: Marcos Arancibia | C13: Can Tuzla | F13: =COUNTA(B13:E13) -> 2
A14: 1:00 PM – 1:30 PM | B14: Marcos Arancibia | C14: Michelle Malcher | F14: =COUNTA(B14:E14) -> 2 | G14: Nilay and Can - Learning Session
A15: 1:30 PM – 2:00 PM | B15: Marcos Arancibia | C15: Michelle Malcher | F15: =COUNTA(B15:E15) -> 2 | G15: Nilay and Can - Learning Session
A16: 2:00 PM – 2:30 PM | B16: Yasin Baskan | C16: Can Tuzla | F16: =COUNTA(B16:E16) -> 2 | G16: Cetin's session
A17: 2:30 PM – 3:00 PM | B17: Yasin Baskan | C17: Can Tuzla | F17: =COUNTA(B17:E17) -> 2
A18: 3:00 PM – 3:30 PM | B18: Yasin Baskan | C18: Can Tuzla | F18: =COUNTA(B18:E18) -> 2
A19: 3:30 PM – 4:00 PM | B19: Yasin Baskan | C19: Nilay Panchal | D19: Freddy Hernandez | F19: =COUNTA(B19:E19) -> 3
A20: 4:00 PM – 4:30 PM | B20: Yasin Baskan | C20: Nilay Panchal | D20: Freddy Hernandez | F20: =COUNTA(B20:E20) -> 3
A21: 4:30 PM – 5:00 PM | B21: Yasin Baskan | C21: Michelle Malcher | D21: Freddy Hernandez | F21: =COUNTA(B21:E21) -> 3
A22: 5:00 PM – 5:30 PM* | B22: Marcos Arancibia | C22: Michelle Malcher | D22: Freddy Hernandez | F22: =COUNTA(B22:E22) -> 3
A23: 5:30 PM – 6:00 PM* | B23: Marcos Arancibia | C23: Michelle Malcher | D23: Freddy Hernandez | F23: =COUNTA(B23:E23) -> 3
A24: TOTAL | E24: Half-hour shifts claimed: | F24: =SUM(F4:F23) -> 45 | G24: =COUNTIF(F4:F23,"<2")&" slot(s) still below 2 people" -> 0 slot(s) still below 2 people
A25: *Dedicated Hours

Sheet Wed Oct 28
A1: WEDNESDAY, OCTOBER 28 — Hub hours 9:00 AM – 2:00 PM
A2: Type your name in any open Person column, on every 30-minute row you can cover. Aim for 2 people per slot, up to 4. Questions → see the Start Here tab.
A3: Time Slot | B3: Person 1 | C3: Person 2 | D3: Person 3 | E3: Person 4 | F3: Signed Up | G3: Notes (or extra people)
A4: 9:00 AM – 9:30 AM | B4: Yasin Baskan | C4: Michael Mersch | F4: =COUNTA(B4:E4) -> 2 | G4: Nilay, Can, Michelle, Marcos - Bootcamp
A5: 9:30 AM – 10:00 AM | B5: Yasin Baskan | C5: Michael Mersch | F5: =COUNTA(B5:E5) -> 2
A6: 10:00 AM – 10:30 AM | B6: Yasin Baskan | C6: Michael Mersch | F6: =COUNTA(B6:E6) -> 2
A7: 10:30 AM – 11:00 AM | B7: Yasin Baskan | C7: Michael Mersch | F7: =COUNTA(B7:E7) -> 2
A8: 11:00 AM – 11:30 AM | B8: Marcos Arancibia | C8: Nilay Panchal | F8: =COUNTA(B8:E8) -> 2
A9: 11:30 AM – 12:00 PM | B9: Marcos Arancibia | C9: Nilay Panchal | D9: Freddy Hernandez | F9: =COUNTA(B9:E9) -> 3
A10: 12:00 PM – 12:30 PM | B10: Michelle Malcher | C10: Can Tuzla | D10: Freddy Hernandez | F10: =COUNTA(B10:E10) -> 3
A11: 12:30 PM – 1:00 PM | B11: Nilay Panchal | C11: Can Tuzla | D11: Freddy Hernandez | F11: =COUNTA(B11:E11) -> 3
A12: 1:00 PM – 1:30 PM | B12: Michelle Malcher | C12: Nilay Panchal | D12: Freddy Hernandez | F12: =COUNTA(B12:E12) -> 3
A13: 1:30 PM – 2:00 PM | B13: Michelle Malcher | C13: Can Tuzla | D13: Freddy Hernandez | F13: =COUNTA(B13:E13) -> 3
A14: TOTAL | E14: Half-hour shifts claimed: | F14: =SUM(F4:F13) -> 25 | G14: =COUNTIF(F4:F13,"<2")&" slot(s) still below 2 people" -> 0 slot(s) still below 2 people
